{
    "camera_matrix": [
        [
            886.9550517077416,
            0.0,
            799.9083610833492
        ],
        [
            0.0,
            886.5388580490016,
            584.2046622210706
        ],
        [
            0.0,
            0.0,
            1.0
        ]
    ],
    "distortion_coefficients": [
        [
            -0.12950420757921163,
            0.10916164266548968,
            -0.0003539616586652689,
            0.00046751602503402543,
            0.00014633572174649508,
            0.16857669054846477,
            0.05226161461062747,
            0.0255811601968415
        ]
    ],
    "serial_number": "862007"
}